task name,start time,finished time,duration
LoopOverLinks,0.0,0.009076833724975586,0.009076833724975586
